{
  "version": 1,
  "author": "Anonymous maker",
  "editor": "wokwi",
  "parts": [
    { "type": "wokwi-pi-pico", "id": "pico", "top": 0, "left": 0, "attrs": {} },
    { "type": "wokwi-pir-motion-sensor", "id": "pir1", "top": -16.66, "left": -156, "attrs": {} },
    {
      "type": "wokwi-led",
      "id": "led1",
      "top": 119.34,
      "left": -99.34,
      "attrs": { "color": "red" }
    },
    {
      "type": "wokwi-resistor",
      "id": "r1",
      "top": 191.34,
      "left": -85.34,
      "attrs": { "value": "330" }
    }
  ],
  "connections": [
    [ "pico:GP0", "$serialMonitor:RX", "", [] ],
    [ "pico:GP1", "$serialMonitor:TX", "", [] ],
    [ "pir1:GND", "pico:GND.1", "black", [ "v20", "h69", "v-63", "h-2" ] ],
    [ "pir1:OUT", "pico:GP8", "green", [ "v0" ] ],
    [ "led1:C", "r1:1", "green", [ "v0", "h-20", "v39" ] ],
    [ "r1:2", "pico:GND.4", "green", [ "v0" ] ],
    [ "led1:A", "pico:GP12", "green", [ "v0" ] ],
    [ "pir1:VCC", "pico:3V3", "red", [ "v142", "h212", "v-164" ] ]
  ]
}