{
  "version": 1,
  "author": "Anonymous maker",
  "editor": "wokwi",
  "parts": [
    { "type": "wokwi-pi-pico", "id": "pico", "top": 0, "left": 0, "attrs": {} },
    {
      "type": "wokwi-led",
      "id": "led1",
      "top": 72.67,
      "left": -146.66,
      "attrs": { "color": "green" }
    },
    {
      "type": "wokwi-resistor",
      "id": "r1",
      "top": 32.66,
      "left": -107.32,
      "attrs": { "value": "220" }
    }
  ],
  "connections": [
    [ "pico:GP0", "$serialMonitor:RX", "", [] ],
    [ "pico:GP1", "$serialMonitor:TX", "", [] ],
    [ "pico:GP2", "pico:GND.4", "green", [ "h0" ] ],
    [ "led1:C", "r1:1", "green", [ "v1", "h-51", "v131" ] ],
    [ "r1:2", "pico:GP2", "green", [ "v0" ] ],
    [ "led1:A", "pico:GP9", "green", [ "v0" ] ]
  ]
}